,master_ccl_id,ccl_name,ccle_primary_site,ccle_primary_hist,ccle_hist_subtype_1
90,143,CHP126,autonomic_ganglia,neuroblastoma,
91,144,CHP212,autonomic_ganglia,neuroblastoma,
286,475,IMR32,autonomic_ganglia,neuroblastoma,
327,528,KELLY,autonomic_ganglia,neuroblastoma,
358,571,KPNSI9S,autonomic_ganglia,neuroblastoma,
359,572,KPNYN,autonomic_ganglia,neuroblastoma,
429,678,MHHNB11,autonomic_ganglia,neuroblastoma,
455,720,NB1,autonomic_ganglia,neuroblastoma,
459,852,NH6,autonomic_ganglia,neuroblastoma,
570,1030,SIMA,autonomic_ganglia,neuroblastoma,
589,1051,SKNAS,autonomic_ganglia,neuroblastoma,
590,1052,SKNBE2,autonomic_ganglia,neuroblastoma,
591,1053,SKNDZ,autonomic_ganglia,neuroblastoma,
592,1055,SKNFI,autonomic_ganglia,neuroblastoma,
594,1058,SKNSH,autonomic_ganglia,neuroblastoma,
271,455,HUCCT1,biliary_tract,carcinoma,
274,458,HUH28,biliary_tract,carcinoma,
605,1082,SNU1079,biliary_tract,carcinoma,
608,1085,SNU1196,biliary_tract,carcinoma,
617,1095,SNU245,biliary_tract,carcinoma,
618,1097,SNU308,biliary_tract,carcinoma,
628,1109,SNU478,biliary_tract,carcinoma,
644,1126,SNU869,biliary_tract,carcinoma,
26,37,A673,bone,Ewings_sarcoma_peripheral_primitive_neuroectodermal_tumor,
63,108,CADOES1,bone,Ewings_sarcoma_peripheral_primitive_neuroectodermal_tumor,
75,120,CAL78,bone,chondrosarcoma,dedifferentiated
164,262,G292CLONEA141B1,bone,osteosarcoma,
239,383,HOS,bone,osteosarcoma,
251,424,HS822T,bone,Ewings_sarcoma_peripheral_primitive_neuroectodermal_tumor,
254,432,HS888T,bone,osteosarcoma,
425,673,MG63,bone,osteosarcoma,
428,677,MHHES1,bone,Ewings_sarcoma_peripheral_primitive_neuroectodermal_tumor,
529,963,RDES,bone,Ewings_sarcoma_peripheral_primitive_neuroectodermal_tumor,
553,1004,SAOS2,bone,osteosarcoma,
571,1032,SJSA1,bone,osteosarcoma,
574,1035,SKES1,bone,Ewings_sarcoma_peripheral_primitive_neuroectodermal_tumor,
593,1056,SKNMC,bone,Ewings_sarcoma_peripheral_primitive_neuroectodermal_tumor,
670,1154,SW1353,bone,chondrosarcoma,
687,1180,TC71,bone,Ewings_sarcoma_peripheral_primitive_neuroectodermal_tumor,
717,1226,U2OS,bone,osteosarcoma,
36,53,AU565,breast,carcinoma,
55,90,BT20,breast,carcinoma,ductal_carcinoma
56,97,BT474,breast,carcinoma,ductal_carcinoma
57,99,BT549,breast,carcinoma,ductal_carcinoma
66,111,CAL120,breast,carcinoma,
68,113,CAL148,breast,carcinoma,ductal_carcinoma
72,117,CAL51,breast,carcinoma,
76,121,CAL851,breast,carcinoma,
80,125,CAMA1,breast,carcinoma,
138,226,DU4475,breast,carcinoma,ductal_carcinoma
146,236,EFM192A,breast,carcinoma,
182,295,HCC1143,breast,carcinoma,ductal_carcinoma
185,300,HCC1395,breast,carcinoma,ductal_carcinoma
186,301,HCC1419,breast,carcinoma,ductal_carcinoma
187,302,HCC1428,breast,carcinoma,
190,305,HCC1500,breast,carcinoma,ductal_carcinoma
191,306,HCC1569,breast,carcinoma,metaplastic_carcinoma
193,309,HCC1806,breast,carcinoma,ductal_carcinoma
195,313,HCC1937,breast,carcinoma,ductal_carcinoma
196,314,HCC1954,breast,carcinoma,ductal_carcinoma
197,315,HCC202,breast,carcinoma,ductal_carcinoma
199,318,HCC2218,breast,carcinoma,ductal_carcinoma
204,330,HCC38,breast,carcinoma,ductal_carcinoma
216,349,HDQP1,breast,carcinoma,ductal_carcinoma
235,376,HMC18,breast,carcinoma,
244,400,HS578T,breast,carcinoma,ductal_carcinoma
304,501,JIMT1,breast,carcinoma,ductal_carcinoma
357,569,KPL1,breast,carcinoma,ductal_carcinoma
408,646,MCF7,breast,carcinoma,
409,648,MDAMB157,breast,carcinoma,ductal_carcinoma
410,650,MDAMB231,breast,carcinoma,
411,651,MDAMB361,breast,carcinoma,
412,652,MDAMB415,breast,carcinoma,
414,657,MDAMB453,breast,carcinoma,
415,658,MDAMB468,breast,carcinoma,
572,1033,SKBR3,breast,carcinoma,
683,1175,T47D,breast,carcinoma,ductal_carcinoma
722,1234,UACC812,breast,carcinoma,ductal_carcinoma
746,1285,ZR751,breast,carcinoma,ductal_carcinoma
747,1286,ZR7530,breast,carcinoma,ductal_carcinoma
7,10,42MGBA,central_nervous_system,glioma,astrocytoma_Grade_IV
14,22,8MGBA,central_nervous_system,glioma,astrocytoma_Grade_IV
16,25,A172,central_nervous_system,glioma,astrocytoma_Grade_IV
31,47,AM38,central_nervous_system,glioma,astrocytoma_Grade_IV
41,59,BECKER,central_nervous_system,glioma,astrocytoma_Grade_IV
84,130,CAS1,central_nervous_system,glioma,astrocytoma_Grade_IV
85,131,CCFSTTG1,central_nervous_system,glioma,astrocytoma
119,193,D283MED,central_nervous_system,primitive_neuroectodermal_tumor_medulloblastoma,
121,202,DAOY,central_nervous_system,primitive_neuroectodermal_tumor_medulloblastoma,
124,205,DBTRG05MG,central_nervous_system,glioma,astrocytoma_Grade_IV
127,211,DKMG,central_nervous_system,glioma,astrocytoma_Grade_IV
169,268,GAMG,central_nervous_system,glioma,
170,269,GB1,central_nervous_system,glioma,astrocytoma_Grade_IV
173,274,GI1,central_nervous_system,glioma,gliosarcoma
174,280,GMS10,central_nervous_system,glioma,astrocytoma_Grade_IV
175,281,GOS3,central_nervous_system,glioma,astrocytoma
246,409,HS683,central_nervous_system,glioma,
316,514,KALS1,central_nervous_system,glioma,
328,530,KG1C,central_nervous_system,glioma,astrocytoma_Grade_IV
349,556,KNS42,central_nervous_system,glioma,
350,557,KNS60,central_nervous_system,glioma,astrocytoma_Grade_IV
352,559,KNS81,central_nervous_system,glioma,astrocytoma_Grade_IV
387,604,LN18,central_nervous_system,glioma,astrocytoma_Grade_IV
388,606,LN229,central_nervous_system,glioma,astrocytoma_Grade_IV
403,638,M059K,central_nervous_system,glioma,astrocytoma_Grade_IV
460,855,NMCG1,central_nervous_system,glioma,
481,899,ONS76,central_nervous_system,primitive_neuroectodermal_tumor_medulloblastoma,
562,1015,SF126,central_nervous_system,glioma,astrocytoma
564,1018,SF295,central_nervous_system,glioma,astrocytoma_Grade_IV
606,1083,SNU1105,central_nervous_system,glioma,astrocytoma_Grade_IV
614,1092,SNU201,central_nervous_system,glioma,astrocytoma_Grade_IV
626,1107,SNU466,central_nervous_system,glioma,astrocytoma_Grade_IV
629,1110,SNU489,central_nervous_system,glioma,astrocytoma_Grade_IV
635,1117,SNU626,central_nervous_system,glioma,astrocytoma_Grade_IV
639,1121,SNU738,central_nervous_system,glioma,oligodendroglioma
667,1151,SW1088,central_nervous_system,glioma,
675,1159,SW1783,central_nervous_system,glioma,astrocytoma_Grade_III
685,1177,T98G,central_nervous_system,glioma,astrocytoma_Grade_IV
704,1204,TM31,central_nervous_system,glioma,astrocytoma
714,1218,U118MG,central_nervous_system,glioma,astrocytoma
715,1223,U251MG,central_nervous_system,glioma,astrocytoma
718,1230,U87MG,central_nervous_system,glioma,astrocytoma
744,1282,YH13,central_nervous_system,glioma,astrocytoma_Grade_IV
745,1283,YKG1,central_nervous_system,glioma,astrocytoma_Grade_IV
34,50,AN3CA,endometrium,carcinoma,adenocarcinoma
104,163,COLO684,endometrium,carcinoma,adenocarcinoma
145,234,EFE184,endometrium,carcinoma,
153,243,EN,endometrium,carcinoma,
157,248,ESS1,endometrium,carcinoma,carcinosarcoma; malignant_mesodermal_mixed_tumor
217,350,HEC108,endometrium,carcinoma,adenocarcinoma
218,351,HEC151,endometrium,carcinoma,adenocarcinoma
219,352,HEC1A,endometrium,carcinoma,adenocarcinoma
220,353,HEC1B,endometrium,carcinoma,adenocarcinoma
221,354,HEC251,endometrium,carcinoma,adenocarcinoma
222,355,HEC265,endometrium,carcinoma,adenocarcinoma
223,356,HEC50B,endometrium,carcinoma,adenocarcinoma
224,357,HEC59,endometrium,carcinoma,adenocarcinoma
225,358,HEC6,endometrium,carcinoma,adenocarcinoma
288,479,ISHIKAWAHERAKLIO02ER,endometrium,carcinoma,adenocarcinoma
300,497,JHUEM1,endometrium,carcinoma,adenocarcinoma
301,498,JHUEM2,endometrium,carcinoma,adenocarcinoma
302,499,JHUEM3,endometrium,carcinoma,adenocarcinoma
303,500,JHUEM7,endometrium,carcinoma,adenocarcinoma
331,534,KLE,endometrium,carcinoma,adenocarcinoma
423,671,MFE296,endometrium,carcinoma,adenocarcinoma
424,672,MFE319,endometrium,carcinoma,adenocarcinoma
543,981,RL952,endometrium,carcinoma,mixed_adenosquamous_carcinoma
598,1074,SNGM,endometrium,carcinoma,adenocarcinoma
604,1081,SNU1077,endometrium,carcinoma,carcinosarcoma; malignant_mesodermal_mixed_tumor
637,1119,SNU685,endometrium,carcinoma,carcinosarcoma; malignant_mesodermal_mixed_tumor
1,1,697,haematopoietic_and_lymphoid_tissue,lymphoid_neoplasm,acute_lymphoblastic_B_cell_leukaemia
22,31,A3KAW,haematopoietic_and_lymphoid_tissue,lymphoid_neoplasm,diffuse_large_B_cell_lymphoma
24,34,A4FUK,haematopoietic_and_lymphoid_tissue,lymphoid_neoplasm,diffuse_large_B_cell_lymphoma
30,46,ALLSIL,haematopoietic_and_lymphoid_tissue,lymphoid_neoplasm,acute_lymphoblastic_T_cell_leukaemia
32,48,AML193,haematopoietic_and_lymphoid_tissue,haematopoietic_neoplasm,acute_myeloid_leukaemia
33,49,AMO1,haematopoietic_and_lymphoid_tissue,lymphoid_neoplasm,plasma_cell_myeloma
38,56,BCP1,haematopoietic_and_lymphoid_tissue,lymphoid_neoplasm,B_cell_lymphoma
40,58,BDCM,haematopoietic_and_lymphoid_tissue,lymphoid_neoplasm,acute_lymphoblastic_B_cell_leukaemia
53,74,BL41,haematopoietic_and_lymphoid_tissue,lymphoid_neoplasm,Burkitt_lymphoma
54,75,BL70,haematopoietic_and_lymphoid_tissue,lymphoid_neoplasm,Burkitt_lymphoma
58,100,BV173,haematopoietic_and_lymphoid_tissue,haematopoietic_neoplasm,blast_phase; chronic_myeloid_leukaemia
62,106,CA46,haematopoietic_and_lymphoid_tissue,lymphoid_neoplasm,Burkitt_lymphoma
92,145,CI1,haematopoietic_and_lymphoid_tissue,lymphoid_neoplasm,B_cell_lymphoma
96,151,CMK,haematopoietic_and_lymphoid_tissue,haematopoietic_neoplasm,acute_myeloid_leukaemia
97,154,CMLT1,haematopoietic_and_lymphoid_tissue,haematopoietic_neoplasm,blast_phase; chronic_myeloid_leukaemia
122,203,DAUDI,haematopoietic_and_lymphoid_tissue,lymphoid_neoplasm,Burkitt_lymphoma
123,204,DB,haematopoietic_and_lymphoid_tissue,lymphoid_neoplasm,diffuse_large_B_cell_lymphoma
125,206,DEL,haematopoietic_and_lymphoid_tissue,lymphoid_neoplasm,
134,221,DND41,haematopoietic_and_lymphoid_tissue,lymphoid_neoplasm,acute_lymphoblastic_T_cell_leukaemia
135,222,DOHH2,haematopoietic_and_lymphoid_tissue,lymphoid_neoplasm,diffuse_large_B_cell_lymphoma
140,228,EB1,haematopoietic_and_lymphoid_tissue,lymphoid_neoplasm,Burkitt_lymphoma
149,239,EHEB,haematopoietic_and_lymphoid_tissue,lymphoid_neoplasm,chronic_lymphocytic_leukaemia; small_lymphocytic_lymphoma
150,240,EJM,haematopoietic_and_lymphoid_tissue,lymphoid_neoplasm,plasma_cell_myeloma
152,242,EM2,haematopoietic_and_lymphoid_tissue,haematopoietic_neoplasm,blast_phase; chronic_myeloid_leukaemia
154,244,EOL1,haematopoietic_and_lymphoid_tissue,haematopoietic_neoplasm,acute_myeloid_leukaemia
158,253,F36P,haematopoietic_and_lymphoid_tissue,haematopoietic_neoplasm,acute_myeloid_leukaemia
168,266,GA10,haematopoietic_and_lymphoid_tissue,lymphoid_neoplasm,Burkitt_lymphoma
172,272,GDM1,haematopoietic_and_lymphoid_tissue,haematopoietic_neoplasm,acute_myeloid_leukaemia
177,283,GRANTA519,haematopoietic_and_lymphoid_tissue,lymphoid_neoplasm,mantle_cell_lymphoma
214,347,HDLM2,haematopoietic_and_lymphoid_tissue,lymphoid_neoplasm,Hodgkin_lymphoma
215,348,HDMYZ,haematopoietic_and_lymphoid_tissue,lymphoid_neoplasm,Hodgkin_lymphoma
226,362,HEL,haematopoietic_and_lymphoid_tissue,haematopoietic_neoplasm,acute_myeloid_leukaemia
227,363,HEL9217,haematopoietic_and_lymphoid_tissue,haematopoietic_neoplasm,acute_myeloid_leukaemia
232,369,HH,haematopoietic_and_lymphoid_tissue,lymphoid_neoplasm,adult_T_cell_lymphoma_leukaemia
233,371,HL60,haematopoietic_and_lymphoid_tissue,haematopoietic_neoplasm,acute_myeloid_leukaemia
242,386,HPBALL,haematopoietic_and_lymphoid_tissue,lymphoid_neoplasm,acute_lymphoblastic_T_cell_leukaemia
245,405,HS611T,haematopoietic_and_lymphoid_tissue,lymphoid_neoplasm,Hodgkin_lymphoma
263,445,HT,haematopoietic_and_lymphoid_tissue,lymphoid_neoplasm,B_cell_lymphoma
276,461,HUNS1,haematopoietic_and_lymphoid_tissue,lymphoid_neoplasm,plasma_cell_myeloma
279,465,HUT78,haematopoietic_and_lymphoid_tissue,lymphoid_neoplasm,Sezary_syndrome; mycosis_fungoides
291,484,JEKO1,haematopoietic_and_lymphoid_tissue,lymphoid_neoplasm,mantle_cell_lymphoma
305,502,JJN3,haematopoietic_and_lymphoid_tissue,lymphoid_neoplasm,plasma_cell_myeloma
306,503,JK1,haematopoietic_and_lymphoid_tissue,haematopoietic_neoplasm,blast_phase; chronic_myeloid_leukaemia
308,505,JM1,haematopoietic_and_lymphoid_tissue,lymphoid_neoplasm,B_cell_lymphoma
310,508,JURKAT,haematopoietic_and_lymphoid_tissue,lymphoid_neoplasm,acute_lymphoblastic_T_cell_leukaemia
311,509,JURLMK1,haematopoietic_and_lymphoid_tissue,haematopoietic_neoplasm,blast_phase; chronic_myeloid_leukaemia
312,510,JVM2,haematopoietic_and_lymphoid_tissue,lymphoid_neoplasm,chronic_lymphocytic_leukaemia; small_lymphocytic_lymphoma
313,511,JVM3,haematopoietic_and_lymphoid_tissue,lymphoid_neoplasm,chronic_lymphocytic_leukaemia; small_lymphocytic_lymphoma
315,513,K562,haematopoietic_and_lymphoid_tissue,haematopoietic_neoplasm,blast_phase; chronic_myeloid_leukaemia
317,515,KARPAS299,haematopoietic_and_lymphoid_tissue,lymphoid_neoplasm,anaplastic_large_cell_lymphoma
318,516,KARPAS422,haematopoietic_and_lymphoid_tissue,lymphoid_neoplasm,diffuse_large_B_cell_lymphoma
319,517,KARPAS620,haematopoietic_and_lymphoid_tissue,lymphoid_neoplasm,plasma_cell_myeloma
320,518,KASUMI1,haematopoietic_and_lymphoid_tissue,haematopoietic_neoplasm,acute_myeloid_leukaemia
321,519,KASUMI2,haematopoietic_and_lymphoid_tissue,lymphoid_neoplasm,acute_lymphoblastic_B_cell_leukaemia
323,524,KCL22,haematopoietic_and_lymphoid_tissue,haematopoietic_neoplasm,blast_phase; chronic_myeloid_leukaemia
324,525,KE37,haematopoietic_and_lymphoid_tissue,lymphoid_neoplasm,acute_lymphoblastic_T_cell_leukaemia
326,527,KE97,haematopoietic_and_lymphoid_tissue,lymphoid_neoplasm,plasma_cell_myeloma
329,531,KHM1B,haematopoietic_and_lymphoid_tissue,lymphoid_neoplasm,plasma_cell_myeloma
330,532,KIJK,haematopoietic_and_lymphoid_tissue,lymphoid_neoplasm,anaplastic_large_cell_lymphoma
334,538,KMH2,haematopoietic_and_lymphoid_tissue,lymphoid_neoplasm,Hodgkin_lymphoma
335,539,KMM1,haematopoietic_and_lymphoid_tissue,lymphoid_neoplasm,plasma_cell_myeloma
340,545,KMS11,haematopoietic_and_lymphoid_tissue,lymphoid_neoplasm,plasma_cell_myeloma
341,546,KMS12BM,haematopoietic_and_lymphoid_tissue,lymphoid_neoplasm,plasma_cell_myeloma
342,548,KMS18,haematopoietic_and_lymphoid_tissue,lymphoid_neoplasm,plasma_cell_myeloma
343,549,KMS20,haematopoietic_and_lymphoid_tissue,lymphoid_neoplasm,plasma_cell_myeloma
344,550,KMS21BM,haematopoietic_and_lymphoid_tissue,lymphoid_neoplasm,plasma_cell_myeloma
345,551,KMS26,haematopoietic_and_lymphoid_tissue,lymphoid_neoplasm,plasma_cell_myeloma
346,552,KMS27,haematopoietic_and_lymphoid_tissue,lymphoid_neoplasm,plasma_cell_myeloma
347,553,KMS28BM,haematopoietic_and_lymphoid_tissue,lymphoid_neoplasm,plasma_cell_myeloma
348,555,KMS34,haematopoietic_and_lymphoid_tissue,lymphoid_neoplasm,plasma_cell_myeloma
353,561,KO52,haematopoietic_and_lymphoid_tissue,haematopoietic_neoplasm,acute_myeloid_leukaemia
361,576,KU812,haematopoietic_and_lymphoid_tissue,haematopoietic_neoplasm,chronic_myeloid_leukaemia
364,579,KYO1,haematopoietic_and_lymphoid_tissue,haematopoietic_neoplasm,blast_phase; chronic_myeloid_leukaemia
374,590,L1236,haematopoietic_and_lymphoid_tissue,lymphoid_neoplasm,Hodgkin_lymphoma
376,592,L363,haematopoietic_and_lymphoid_tissue,lymphoid_neoplasm,plasma_cell_myeloma
377,593,L428,haematopoietic_and_lymphoid_tissue,lymphoid_neoplasm,Hodgkin_lymphoma
378,594,L540,haematopoietic_and_lymphoid_tissue,lymphoid_neoplasm,Hodgkin_lymphoma
379,595,LAMA84,haematopoietic_and_lymphoid_tissue,haematopoietic_neoplasm,blast_phase; chronic_myeloid_leukaemia
393,624,LP1,haematopoietic_and_lymphoid_tissue,lymphoid_neoplasm,plasma_cell_myeloma
404,639,M07E,haematopoietic_and_lymphoid_tissue,haematopoietic_neoplasm,acute_myeloid_leukaemia
406,643,MC116,haematopoietic_and_lymphoid_tissue,lymphoid_neoplasm,B_cell_lymphoma
417,662,ME1,haematopoietic_and_lymphoid_tissue,haematopoietic_neoplasm,acute_myeloid_leukaemia
418,663,MEC1,haematopoietic_and_lymphoid_tissue,lymphoid_neoplasm,chronic_lymphocytic_leukaemia; small_lymphocytic_lymphoma
426,675,MHHCALL3,haematopoietic_and_lymphoid_tissue,lymphoid_neoplasm,acute_lymphoblastic_B_cell_leukaemia
427,676,MHHCALL4,haematopoietic_and_lymphoid_tissue,lymphoid_neoplasm,acute_lymphoblastic_B_cell_leukaemia
431,680,MINO,haematopoietic_and_lymphoid_tissue,lymphoid_neoplasm,mantle_cell_lymphoma
432,681,MJ,haematopoietic_and_lymphoid_tissue,lymphoid_neoplasm,Sezary_syndrome; mycosis_fungoides
438,688,MM1S,haematopoietic_and_lymphoid_tissue,lymphoid_neoplasm,plasma_cell_myeloma
439,692,MOLM13,haematopoietic_and_lymphoid_tissue,haematopoietic_neoplasm,acute_myeloid_leukaemia
440,693,MOLM16,haematopoietic_and_lymphoid_tissue,haematopoietic_neoplasm,acute_myeloid_leukaemia
441,694,MOLM6,haematopoietic_and_lymphoid_tissue,haematopoietic_neoplasm,blast_phase; chronic_myeloid_leukaemia
442,695,MOLP2,haematopoietic_and_lymphoid_tissue,lymphoid_neoplasm,plasma_cell_myeloma
443,696,MOLP8,haematopoietic_and_lymphoid_tissue,lymphoid_neoplasm,plasma_cell_myeloma
444,697,MOLT13,haematopoietic_and_lymphoid_tissue,lymphoid_neoplasm,acute_lymphoblastic_T_cell_leukaemia
445,698,MOLT16,haematopoietic_and_lymphoid_tissue,lymphoid_neoplasm,acute_lymphoblastic_T_cell_leukaemia
446,701,MONOMAC1,haematopoietic_and_lymphoid_tissue,haematopoietic_neoplasm,acute_myeloid_leukaemia
447,702,MONOMAC6,haematopoietic_and_lymphoid_tissue,haematopoietic_neoplasm,acute_myeloid_leukaemia
449,704,MOTN1,haematopoietic_and_lymphoid_tissue,lymphoid_neoplasm,T_cell_large_granular_lymphocytic_leukaemia
452,710,MV411,haematopoietic_and_lymphoid_tissue,haematopoietic_neoplasm,acute_myeloid_leukaemia
453,718,NALM6,haematopoietic_and_lymphoid_tissue,lymphoid_neoplasm,acute_lymphoblastic_B_cell_leukaemia
454,719,NAMALWA,haematopoietic_and_lymphoid_tissue,lymphoid_neoplasm,Burkitt_lymphoma
456,721,NB4,haematopoietic_and_lymphoid_tissue,haematopoietic_neoplasm,acute_myeloid_leukaemia
458,851,NCO2,haematopoietic_and_lymphoid_tissue,haematopoietic_neoplasm,chronic_myeloid_leukaemia
461,858,NOMO1,haematopoietic_and_lymphoid_tissue,haematopoietic_neoplasm,acute_myeloid_leukaemia
462,874,NUDHL1,haematopoietic_and_lymphoid_tissue,lymphoid_neoplasm,diffuse_large_B_cell_lymphoma
463,875,NUDUL1,haematopoietic_and_lymphoid_tissue,lymphoid_neoplasm,B_cell_lymphoma
469,884,OCIAML2,haematopoietic_and_lymphoid_tissue,haematopoietic_neoplasm,acute_myeloid_leukaemia
470,885,OCIAML3,haematopoietic_and_lymphoid_tissue,haematopoietic_neoplasm,acute_myeloid_leukaemia
471,886,OCIAML5,haematopoietic_and_lymphoid_tissue,haematopoietic_neoplasm,acute_myeloid_leukaemia
472,887,OCILY10,haematopoietic_and_lymphoid_tissue,lymphoid_neoplasm,diffuse_large_B_cell_lymphoma
473,888,OCILY19,haematopoietic_and_lymphoid_tissue,lymphoid_neoplasm,diffuse_large_B_cell_lymphoma
474,889,OCILY3,haematopoietic_and_lymphoid_tissue,lymphoid_neoplasm,diffuse_large_B_cell_lymphoma
475,890,OCIM1,haematopoietic_and_lymphoid_tissue,haematopoietic_neoplasm,acute_myeloid_leukaemia
482,901,OPM2,haematopoietic_and_lymphoid_tissue,lymphoid_neoplasm,plasma_cell_myeloma
495,917,P12ICHIKAWA,haematopoietic_and_lymphoid_tissue,lymphoid_neoplasm,acute_lymphoblastic_T_cell_leukaemia
496,918,P31FUJ,haematopoietic_and_lymphoid_tissue,haematopoietic_neoplasm,acute_myeloid_leukaemia
497,919,P3HR1,haematopoietic_and_lymphoid_tissue,lymphoid_neoplasm,Burkitt_lymphoma
514,941,PEER,haematopoietic_and_lymphoid_tissue,lymphoid_neoplasm,acute_lymphoblastic_T_cell_leukaemia
515,942,PF382,haematopoietic_and_lymphoid_tissue,lymphoid_neoplasm,acute_lymphoblastic_T_cell_leukaemia
516,943,PFEIFFER,haematopoietic_and_lymphoid_tissue,lymphoid_neoplasm,diffuse_large_B_cell_lymphoma
520,947,PL21,haematopoietic_and_lymphoid_tissue,haematopoietic_neoplasm,acute_myeloid_leukaemia
524,955,RAJI,haematopoietic_and_lymphoid_tissue,lymphoid_neoplasm,Burkitt_lymphoma
526,958,RCHACV,haematopoietic_and_lymphoid_tissue,lymphoid_neoplasm,acute_lymphoblastic_B_cell_leukaemia
530,964,REC1,haematopoietic_and_lymphoid_tissue,lymphoid_neoplasm,mantle_cell_lymphoma
531,965,REH,haematopoietic_and_lymphoid_tissue,lymphoid_neoplasm,acute_lymphoblastic_B_cell_leukaemia
539,977,RI1,haematopoietic_and_lymphoid_tissue,lymphoid_neoplasm,B_cell_lymphoma
542,980,RL,haematopoietic_and_lymphoid_tissue,lymphoid_neoplasm,B_cell_lymphoma
547,992,RPMI8226,haematopoietic_and_lymphoid_tissue,lymphoid_neoplasm,plasma_cell_myeloma
548,994,RPMI8402,haematopoietic_and_lymphoid_tissue,lymphoid_neoplasm,acute_lymphoblastic_T_cell_leukaemia
549,995,RS411,haematopoietic_and_lymphoid_tissue,lymphoid_neoplasm,acute_lymphoblastic_B_cell_leukaemia
560,1013,SEM,haematopoietic_and_lymphoid_tissue,lymphoid_neoplasm,acute_lymphoblastic_B_cell_leukaemia
561,1014,SET2,haematopoietic_and_lymphoid_tissue,haematopoietic_neoplasm,essential_thrombocythaemia
569,1028,SIGM5,haematopoietic_and_lymphoid_tissue,haematopoietic_neoplasm,acute_myeloid_leukaemia
578,1039,SKM1,haematopoietic_and_lymphoid_tissue,haematopoietic_neoplasm,acute_myeloid_leukaemia
588,1050,SKMM2,haematopoietic_and_lymphoid_tissue,lymphoid_neoplasm,plasma_cell_myeloma
653,1136,SR786,haematopoietic_and_lymphoid_tissue,lymphoid_neoplasm,anaplastic_large_cell_lymphoma
654,1137,ST486,haematopoietic_and_lymphoid_tissue,lymphoid_neoplasm,Burkitt_lymphoma
656,1139,SUDHL1,haematopoietic_and_lymphoid_tissue,lymphoid_neoplasm,anaplastic_large_cell_lymphoma
657,1140,SUDHL10,haematopoietic_and_lymphoid_tissue,lymphoid_neoplasm,diffuse_large_B_cell_lymphoma
658,1141,SUDHL4,haematopoietic_and_lymphoid_tissue,lymphoid_neoplasm,diffuse_large_B_cell_lymphoma
659,1143,SUDHL6,haematopoietic_and_lymphoid_tissue,lymphoid_neoplasm,diffuse_large_B_cell_lymphoma
660,1144,SUDHL8,haematopoietic_and_lymphoid_tissue,lymphoid_neoplasm,diffuse_large_B_cell_lymphoma
662,1146,SUPB15,haematopoietic_and_lymphoid_tissue,lymphoid_neoplasm,acute_lymphoblastic_B_cell_leukaemia
663,1147,SUPHD1,haematopoietic_and_lymphoid_tissue,lymphoid_neoplasm,Hodgkin_lymphoma
664,1148,SUPM2,haematopoietic_and_lymphoid_tissue,lymphoid_neoplasm,anaplastic_large_cell_lymphoma
665,1149,SUPT1,haematopoietic_and_lymphoid_tissue,lymphoid_neoplasm,acute_lymphoblastic_T_cell_leukaemia
666,1150,SUPT11,haematopoietic_and_lymphoid_tissue,lymphoid_neoplasm,peripheral_T_cell_lymphoma_unspecified
686,1178,TALL1,haematopoietic_and_lymphoid_tissue,lymphoid_neoplasm,acute_lymphoblastic_T_cell_leukaemia
702,1199,TF1,haematopoietic_and_lymphoid_tissue,haematopoietic_neoplasm,acute_myeloid_leukaemia
703,1201,THP1,haematopoietic_and_lymphoid_tissue,haematopoietic_neoplasm,acute_myeloid_leukaemia
705,1206,TOLEDO,haematopoietic_and_lymphoid_tissue,lymphoid_neoplasm,diffuse_large_B_cell_lymphoma
716,1225,U266B1,haematopoietic_and_lymphoid_tissue,lymphoid_neoplasm,plasma_cell_myeloma
719,1231,U937,haematopoietic_and_lymphoid_tissue,lymphoid_neoplasm,diffuse_large_B_cell_lymphoma
738,1274,WSUDLCL2,haematopoietic_and_lymphoid_tissue,lymphoid_neoplasm,diffuse_large_B_cell_lymphoma
763,128013,NCIH929,haematopoietic_and_lymphoid_tissue,lymphoid_neoplasm,plasma_cell_myeloma
10,16,769P,kidney,carcinoma,clear_cell_renal_cell_carcinoma
11,19,786O,kidney,carcinoma,clear_cell_renal_cell_carcinoma
23,33,A498,kidney,carcinoma,renal_cell_carcinoma
28,43,ACHN,kidney,carcinoma,renal_cell_carcinoma
44,62,BFTC909,kidney,carcinoma,
64,109,CAKI1,kidney,carcinoma,clear_cell_renal_cell_carcinoma
65,110,CAKI2,kidney,carcinoma,clear_cell_renal_cell_carcinoma
73,118,CAL54,kidney,carcinoma,renal_cell_carcinoma
336,540,KMRC1,kidney,carcinoma,clear_cell_renal_cell_carcinoma
337,541,KMRC2,kidney,carcinoma,clear_cell_renal_cell_carcinoma
338,542,KMRC20,kidney,carcinoma,renal_cell_carcinoma
339,543,KMRC3,kidney,carcinoma,clear_cell_renal_cell_carcinoma
483,902,OSRC2,kidney,carcinoma,renal_cell_carcinoma
525,956,RCC10RGB,kidney,carcinoma,renal_cell_carcinoma
610,1088,SNU1272,kidney,carcinoma,clear_cell_renal_cell_carcinoma
710,1213,TUHR10TKB,kidney,carcinoma,
711,1214,TUHR14TKB,kidney,carcinoma,
712,1216,TUHR4TKB,kidney,carcinoma,
730,1253,VMRCRCW,kidney,carcinoma,
731,1254,VMRCRCZ,kidney,carcinoma,renal_cell_carcinoma
60,102,C2BBE1,large_intestine,carcinoma,adenocarcinoma
86,132,CCK81,large_intestine,carcinoma,adenocarcinoma
94,147,CL11,large_intestine,carcinoma,adenocarcinoma
95,149,CL34,large_intestine,carcinoma,adenocarcinoma
98,155,COLO201,large_intestine,carcinoma,adenocarcinoma
99,156,COLO205,large_intestine,carcinoma,adenocarcinoma
100,157,COLO320,large_intestine,carcinoma,adenocarcinoma
102,160,COLO678,large_intestine,carcinoma,adenocarcinoma
118,190,CW2,large_intestine,carcinoma,
128,212,DLD1,large_intestine,carcinoma,adenocarcinoma
176,282,GP2D,large_intestine,carcinoma,adenocarcinoma
207,337,HCC56,large_intestine,carcinoma,adenocarcinoma
211,343,HCT116,large_intestine,carcinoma,
212,345,HCT15,large_intestine,carcinoma,adenocarcinoma
213,346,HCT8,large_intestine,carcinoma,adenocarcinoma
265,447,HT115,large_intestine,carcinoma,
269,451,HT29,large_intestine,carcinoma,adenocarcinoma
270,452,HT55,large_intestine,carcinoma,adenocarcinoma
332,536,KM12,large_intestine,carcinoma,adenocarcinoma
391,622,LOVO,large_intestine,carcinoma,adenocarcinoma
394,626,LS1034,large_intestine,carcinoma,adenocarcinoma
395,627,LS123,large_intestine,carcinoma,adenocarcinoma
396,630,LS180,large_intestine,carcinoma,adenocarcinoma
397,631,LS411N,large_intestine,carcinoma,adenocarcinoma
398,632,LS513,large_intestine,carcinoma,adenocarcinoma
416,661,MDST8,large_intestine,carcinoma,adenocarcinoma
484,903,OUMS23,large_intestine,carcinoma,adenocarcinoma
527,960,RCM1,large_intestine,carcinoma,adenocarcinoma
541,979,RKO,large_intestine,carcinoma,adenocarcinoma
573,1034,SKCO1,large_intestine,carcinoma,adenocarcinoma
600,1076,SNU1033,large_intestine,carcinoma,
612,1090,SNU175,large_intestine,carcinoma,
621,1102,SNU407,large_intestine,carcinoma,
631,1112,SNU503,large_intestine,carcinoma,
633,1115,SNU61,large_intestine,carcinoma,
642,1124,SNU81,large_intestine,carcinoma,
648,1130,SNUC1,large_intestine,carcinoma,adenocarcinoma
649,1131,SNUC2A,large_intestine,carcinoma,adenocarcinoma
650,1133,SNUC4,large_intestine,carcinoma,adenocarcinoma
651,1134,SNUC5,large_intestine,carcinoma,adenocarcinoma
668,1152,SW1116,large_intestine,carcinoma,adenocarcinoma
671,1155,SW1417,large_intestine,carcinoma,adenocarcinoma
672,1156,SW1463,large_intestine,carcinoma,adenocarcinoma
677,1162,SW48,large_intestine,carcinoma,adenocarcinoma
679,1166,SW620,large_intestine,carcinoma,adenocarcinoma
680,1170,SW948,large_intestine,carcinoma,adenocarcinoma
684,1176,T84,large_intestine,carcinoma,adenocarcinoma
760,128003,NCIH508,large_intestine,carcinoma,adenocarcinoma
779,155348,NCIH716,large_intestine,carcinoma,adenocarcinoma
781,155356,NCIH747,large_intestine,carcinoma,adenocarcinoma
228,365,HEP3B217,liver,carcinoma,hepatocellular_carcinoma
229,366,HEPG2,liver,carcinoma,hepatocellular_carcinoma
234,374,HLF,liver,carcinoma,hepatocellular_carcinoma
273,457,HUH1,liver,carcinoma,hepatocellular_carcinoma
275,459,HUH6,liver,,hepatoblastoma
292,486,JHH1,liver,carcinoma,hepatocellular_carcinoma
293,487,JHH2,liver,carcinoma,hepatocellular_carcinoma
294,488,JHH4,liver,carcinoma,hepatocellular_carcinoma
295,489,JHH5,liver,carcinoma,hepatocellular_carcinoma
296,490,JHH6,liver,carcinoma,hepatocellular_carcinoma
384,601,LI7,liver,carcinoma,hepatocellular_carcinoma
521,950,PLCPRF5,liver,carcinoma,hepatocellular_carcinoma
575,1036,SKHEP1,liver,carcinoma,adenocarcinoma
613,1091,SNU182,liver,carcinoma,hepatocellular_carcinoma
619,1100,SNU387,liver,carcinoma,hepatocellular_carcinoma
620,1101,SNU398,liver,carcinoma,hepatocellular_carcinoma
623,1104,SNU423,liver,carcinoma,hepatocellular_carcinoma
624,1105,SNU449,liver,carcinoma,hepatocellular_carcinoma
627,1108,SNU475,liver,carcinoma,hepatocellular_carcinoma
640,1122,SNU761,liver,carcinoma,hepatocellular_carcinoma
645,1127,SNU878,liver,carcinoma,hepatocellular_carcinoma
646,1128,SNU886,liver,carcinoma,hepatocellular_carcinoma
25,35,A549,lung,carcinoma,non_small_cell_carcinoma
42,60,BEN,lung,carcinoma,
67,112,CAL12T,lung,carcinoma,non_small_cell_carcinoma
77,122,CALU1,lung,carcinoma,squamous_cell_carcinoma
78,123,CALU3,lung,carcinoma,adenocarcinoma
79,124,CALU6,lung,carcinoma,undifferentiated_carcinoma
89,141,CHAGOK1,lung,carcinoma,
101,158,COLO668,lung,carcinoma,small_cell_carcinoma
109,174,CORL105,lung,carcinoma,adenocarcinoma
110,178,CORL279,lung,carcinoma,small_cell_carcinoma
111,180,CORL47,lung,carcinoma,small_cell_carcinoma
112,181,CORL51,lung,carcinoma,small_cell_carcinoma
113,182,CORL88,lung,carcinoma,small_cell_carcinoma
114,183,CORL95,lung,carcinoma,small_cell_carcinoma
129,215,DMS114,lung,carcinoma,small_cell_carcinoma
130,217,DMS273,lung,carcinoma,small_cell_carcinoma
131,218,DMS454,lung,carcinoma,small_cell_carcinoma
132,219,DMS53,lung,carcinoma,small_cell_carcinoma
133,220,DMS79,lung,carcinoma,small_cell_carcinoma
139,227,DV90,lung,carcinoma,adenocarcinoma
141,230,EBC1,lung,carcinoma,squamous_cell_carcinoma
155,246,EPLC272H,lung,carcinoma,squamous_cell_carcinoma
180,290,H292,lung,carcinoma,mucoepidermoid_carcinoma
181,293,HARA,lung,carcinoma,squamous_cell_carcinoma
183,296,HCC1171,lung,carcinoma,non_small_cell_carcinoma
184,298,HCC1195,lung,carcinoma,mixed_adenosquamous_carcinoma
188,303,HCC1438,lung,carcinoma,large_cell_carcinoma
189,304,HCC15,lung,carcinoma,squamous_cell_carcinoma
192,307,HCC1588,lung,carcinoma,squamous_cell_carcinoma
194,310,HCC1833,lung,carcinoma,adenocarcinoma
198,316,HCC2108,lung,carcinoma,adenocarcinoma
200,319,HCC2279,lung,carcinoma,adenocarcinoma
201,324,HCC2935,lung,carcinoma,non_small_cell_carcinoma
202,326,HCC33,lung,carcinoma,small_cell_carcinoma
203,328,HCC366,lung,carcinoma,mixed_adenosquamous_carcinoma
205,331,HCC4006,lung,carcinoma,adenocarcinoma
206,332,HCC44,lung,carcinoma,adenocarcinoma
208,339,HCC78,lung,carcinoma,adenocarcinoma
209,340,HCC827,lung,carcinoma,adenocarcinoma
210,342,HCC95,lung,carcinoma,squamous_cell_carcinoma
280,469,IALM,lung,carcinoma,large_cell_carcinoma
351,558,KNS62,lung,carcinoma,squamous_cell_carcinoma
380,597,LC1F,lung,carcinoma,squamous_cell_carcinoma
381,598,LC1SQSF,lung,carcinoma,squamous_cell_carcinoma
382,599,LCLC103H,lung,carcinoma,large_cell_carcinoma
383,600,LCLC97TM1,lung,carcinoma,large_cell_carcinoma
385,602,LK2,lung,carcinoma,squamous_cell_carcinoma
390,621,LOUNH91,lung,carcinoma,squamous_cell_carcinoma
399,633,LU65,lung,carcinoma,non_small_cell_carcinoma
400,634,LU99,lung,carcinoma,large_cell_carcinoma
401,635,LUDLU1,lung,carcinoma,squamous_cell_carcinoma
402,636,LXF289,lung,carcinoma,adenocarcinoma
448,703,MORCPR,lung,carcinoma,adenocarcinoma
508,931,PC14,lung,carcinoma,non_small_cell_carcinoma
532,967,RERFLCAD1,lung,carcinoma,adenocarcinoma
533,968,RERFLCAD2,lung,carcinoma,adenocarcinoma
534,969,RERFLCAI,lung,carcinoma,squamous_cell_carcinoma
535,971,RERFLCMS,lung,carcinoma,non_small_cell_carcinoma
554,1005,SBC5,lung,carcinoma,small_cell_carcinoma
559,1011,SCLC21H,lung,carcinoma,small_cell_carcinoma
568,1026,SHP77,lung,carcinoma,small_cell_carcinoma
577,1038,SKLU1,lung,carcinoma,adenocarcinoma
587,1048,SKMES1,lung,carcinoma,squamous_cell_carcinoma
652,1135,SQ1,lung,carcinoma,squamous_cell_carcinoma
669,1153,SW1271,lung,carcinoma,small_cell_carcinoma
673,1157,SW1573,lung,carcinoma,squamous_cell_carcinoma
682,1173,T3M10,lung,carcinoma,large_cell_carcinoma
729,1251,VMRCLCD,lung,carcinoma,adenocarcinoma
748,127978,NCIH1395,lung,carcinoma,adenocarcinoma
749,127983,NCIH1666,lung,carcinoma,bronchioloalveolar_adenocarcinoma
750,127984,NCIH1755,lung,carcinoma,adenocarcinoma
751,127985,NCIH1975,lung,carcinoma,non_small_cell_carcinoma
752,127988,NCIH2087,lung,carcinoma,adenocarcinoma
753,127989,NCIH209,lung,carcinoma,small_cell_carcinoma
754,127990,NCIH2122,lung,carcinoma,adenocarcinoma
755,127991,NCIH23,lung,carcinoma,non_small_cell_carcinoma
756,127997,NCIH358,lung,carcinoma,bronchioloalveolar_adenocarcinoma
757,127999,NCIH441,lung,carcinoma,adenocarcinoma
758,128000,NCIH446,lung,carcinoma,small_cell_carcinoma
759,128001,NCIH460,lung,carcinoma,large_cell_carcinoma
761,128005,NCIH661,lung,carcinoma,large_cell_carcinoma
762,128006,NCIH69,lung,carcinoma,small_cell_carcinoma
766,155292,NCIH146,lung,carcinoma,small_cell_carcinoma
767,155294,NCIH196,lung,carcinoma,small_cell_carcinoma
768,155295,NCIH211,lung,carcinoma,small_cell_carcinoma
769,155297,NCIH226,lung,carcinoma,squamous_cell_carcinoma
770,155305,NCIH322,lung,carcinoma,adenocarcinoma
771,155322,NCIH510,lung,carcinoma,small_cell_carcinoma
772,155324,NCIH520,lung,carcinoma,squamous_cell_carcinoma
773,155325,NCIH522,lung,carcinoma,non_small_cell_carcinoma
774,155326,NCIH524,lung,carcinoma,small_cell_carcinoma
775,155327,NCIH526,lung,carcinoma,small_cell_carcinoma
776,155339,NCIH647,lung,carcinoma,mixed_adenosquamous_carcinoma
777,155340,NCIH650,lung,carcinoma,bronchioloalveolar_adenocarcinoma
780,155352,NCIH727,lung,carcinoid_endocrine_tumor,
782,155362,NCIH810,lung,carcinoma,large_cell_carcinoma
783,155365,NCIH838,lung,carcinoma,non_small_cell_carcinoma
784,155366,NCIH841,lung,carcinoma,small_cell_carcinoma
785,155371,NCIH889,lung,carcinoma,small_cell_carcinoma
786,155385,NCIH1092,lung,carcinoma,small_cell_carcinoma
787,155387,NCIH1105,lung,carcinoma,small_cell_carcinoma
788,155388,NCIH1155,lung,carcinoma,large_cell_carcinoma
789,155390,NCIH1184,lung,carcinoma,small_cell_carcinoma
790,155395,NCIH1299,lung,carcinoma,non_small_cell_carcinoma
791,155399,NCIH1339,lung,carcinoma,small_cell_carcinoma
792,155400,NCIH1341,lung,carcinoma,small_cell_carcinoma
793,155401,NCIH1355,lung,carcinoma,adenocarcinoma
794,155402,NCIH1373,lung,carcinoma,adenocarcinoma
795,155404,NCIH1385,lung,carcinoma,squamous_cell_carcinoma
796,155407,NCIH1435,lung,carcinoma,non_small_cell_carcinoma
797,155421,NCIH1563,lung,carcinoma,adenocarcinoma
798,155422,NCIH1568,lung,carcinoma,non_small_cell_carcinoma
799,155424,NCIH1573,lung,carcinoma,adenocarcinoma
800,155425,NCIH1581,lung,carcinoma,large_cell_carcinoma
801,155431,NCIH1623,lung,carcinoma,adenocarcinoma
802,155434,NCIH1650,lung,carcinoma,bronchioloalveolar_adenocarcinoma
803,155435,NCIH1651,lung,carcinoma,adenocarcinoma
804,155439,NCIH1693,lung,carcinoma,adenocarcinoma
805,155440,NCIH1694,lung,carcinoma,small_cell_carcinoma
806,155441,NCIH1703,lung,carcinoma,adenocarcinoma
807,155445,NCIH1734,lung,carcinoma,adenocarcinoma
808,155450,NCIH1792,lung,carcinoma,adenocarcinoma
809,155451,NCIH1793,lung,carcinoma,non_small_cell_carcinoma
810,155455,NCIH1838,lung,carcinoma,non_small_cell_carcinoma
811,155456,NCIH1869,lung,carcinoma,squamous_cell_carcinoma
812,155463,NCIH1915,lung,carcinoma,large_cell_carcinoma
813,155467,NCIH1944,lung,carcinoma,non_small_cell_carcinoma
814,155476,NCIH2009,lung,carcinoma,adenocarcinoma
815,155477,NCIH2023,lung,carcinoma,adenocarcinoma
816,155479,NCIH2029,lung,carcinoma,small_cell_carcinoma
817,155480,NCIH2030,lung,carcinoma,non_small_cell_carcinoma
819,155487,NCIH2081,lung,carcinoma,small_cell_carcinoma
820,155488,NCIH2085,lung,carcinoma,adenocarcinoma
821,155491,NCIH2106,lung,carcinoma,non_small_cell_carcinoma
822,155493,NCIH2110,lung,carcinoma,non_small_cell_carcinoma
823,155494,NCIH2126,lung,carcinoma,adenocarcinoma
824,155496,NCIH2141,lung,carcinoma,small_cell_carcinoma
825,155498,NCIH2170,lung,carcinoma,squamous_cell_carcinoma
826,155499,NCIH2171,lung,carcinoma,small_cell_carcinoma
827,155500,NCIH2172,lung,carcinoma,non_small_cell_carcinoma
828,155502,NCIH2196,lung,carcinoma,small_cell_carcinoma
829,155505,NCIH2228,lung,carcinoma,adenocarcinoma
830,155510,NCIH2286,lung,carcinoma,small_cell_carcinoma
831,155511,NCIH2291,lung,carcinoma,adenocarcinoma
832,155513,NCIH2342,lung,carcinoma,adenocarcinoma
833,155518,NCIH2405,lung,carcinoma,adenocarcinoma
834,155519,NCIH2444,lung,carcinoma,non_small_cell_carcinoma
103,162,COLO680N,oesophagus,carcinoma,squamous_cell_carcinoma
144,233,ECGI10,oesophagus,carcinoma,
365,580,KYSE140,oesophagus,carcinoma,squamous_cell_carcinoma
366,581,KYSE150,oesophagus,carcinoma,squamous_cell_carcinoma
367,582,KYSE180,oesophagus,carcinoma,squamous_cell_carcinoma
368,584,KYSE30,oesophagus,carcinoma,squamous_cell_carcinoma
369,585,KYSE410,oesophagus,carcinoma,squamous_cell_carcinoma
370,586,KYSE450,oesophagus,carcinoma,squamous_cell_carcinoma
371,587,KYSE510,oesophagus,carcinoma,squamous_cell_carcinoma
372,588,KYSE520,oesophagus,carcinoma,squamous_cell_carcinoma
373,589,KYSE70,oesophagus,carcinoma,squamous_cell_carcinoma
477,894,OE19,oesophagus,carcinoma,adenocarcinoma
478,895,OE21,oesophagus,carcinoma,squamous_cell_carcinoma
479,896,OE33,oesophagus,,metaplasia
690,1184,TE1,oesophagus,carcinoma,squamous_cell_carcinoma
691,1185,TE10,oesophagus,carcinoma,squamous_cell_carcinoma
692,1186,TE11,oesophagus,carcinoma,squamous_cell_carcinoma
693,1188,TE14,oesophagus,carcinoma,squamous_cell_carcinoma
694,1189,TE15,oesophagus,carcinoma,squamous_cell_carcinoma
695,1191,TE4,oesophagus,carcinoma,squamous_cell_carcinoma
697,1193,TE5,oesophagus,carcinoma,squamous_cell_carcinoma
698,1194,TE6,oesophagus,carcinoma,squamous_cell_carcinoma
700,1196,TE8,oesophagus,carcinoma,squamous_cell_carcinoma
701,1197,TE9,oesophagus,carcinoma,squamous_cell_carcinoma
20,29,A2780,ovary,carcinoma,adenocarcinoma
81,126,CAOV3,ovary,carcinoma,adenocarcinoma
115,185,COV362,ovary,carcinoma,
116,186,COV434,ovary,sex_cord_stromal_tumor,granulosa_cell_tumor
117,188,COV644,ovary,carcinoma,
147,237,EFO21,ovary,carcinoma,serous_carcinoma
148,238,EFO27,ovary,carcinoma,mucinous_carcinoma
156,247,ES2,ovary,carcinoma,clear_cell_carcinoma
163,261,FUOV1,ovary,carcinoma,serous_carcinoma
230,367,HEYA8,ovary,carcinoma,
284,473,IGROV1,ovary,carcinoma,adenocarcinoma
297,492,JHOC5,ovary,carcinoma,clear_cell_carcinoma
298,493,JHOM1,ovary,carcinoma,adenocarcinoma
299,495,JHOS2,ovary,carcinoma,adenocarcinoma
362,577,KURAMOCHI,ovary,carcinoma,undifferentiated_carcinoma
407,644,MCAS,ovary,carcinoma,adenocarcinoma
466,879,OAW28,ovary,carcinoma,
467,880,OAW42,ovary,carcinoma,
468,881,OC314,ovary,carcinoma,serous_carcinoma
480,898,ONCODG1,ovary,carcinoma,adenocarcinoma
485,905,OV56,ovary,carcinoma,
486,906,OV7,ovary,carcinoma,
487,907,OV90,ovary,carcinoma,mixed_carcinoma
488,908,OVCAR4,ovary,carcinoma,
490,910,OVCAR8,ovary,carcinoma,
491,911,OVISE,ovary,carcinoma,clear_cell_carcinoma
492,912,OVK18,ovary,carcinoma,endometrioid_carcinoma
493,915,OVSAHO,ovary,carcinoma,adenocarcinoma
494,916,OVTOKO,ovary,carcinoma,clear_cell_carcinoma
544,983,RMGI,ovary,carcinoma,clear_cell_carcinoma
595,1059,SKOV3,ovary,carcinoma,adenocarcinoma
607,1084,SNU119,ovary,carcinoma,adenocarcinoma
641,1123,SNU8,ovary,carcinoma,adenocarcinoma
643,1125,SNU840,ovary,carcinoma,Brenner_tumor
706,1208,TOV112D,ovary,carcinoma,endometrioid_carcinoma
707,1209,TOV21G,ovary,carcinoma,clear_cell_carcinoma
713,1217,TYKNU,ovary,carcinoma,undifferentiated_carcinoma
35,52,ASPC1,pancreas,carcinoma,ductal_carcinoma
59,101,BXPC3,pancreas,carcinoma,ductal_carcinoma
82,128,CAPAN1,pancreas,carcinoma,ductal_carcinoma
83,129,CAPAN2,pancreas,carcinoma,ductal_carcinoma
87,138,CFPAC1,pancreas,carcinoma,ductal_carcinoma
120,201,DANG,pancreas,carcinoma,
240,384,HPAC,pancreas,carcinoma,ductal_carcinoma
241,385,HPAFII,pancreas,carcinoma,ductal_carcinoma
250,421,HS766T,pancreas,carcinoma,ductal_carcinoma
277,462,HUPT3,pancreas,carcinoma,
278,463,HUPT4,pancreas,carcinoma,
354,566,KP2,pancreas,carcinoma,
355,567,KP3,pancreas,carcinoma,ductal_carcinoma
356,568,KP4,pancreas,carcinoma,ductal_carcinoma
375,591,L33,pancreas,carcinoma,
430,679,MIAPACA2,pancreas,carcinoma,ductal_carcinoma
498,920,PANC0203,pancreas,carcinoma,
499,922,PANC0327,pancreas,carcinoma,ductal_carcinoma
500,923,PANC0403,pancreas,carcinoma,
501,924,PANC0504,pancreas,carcinoma,
502,925,PANC0813,pancreas,carcinoma,ductal_carcinoma
503,926,PANC1,pancreas,carcinoma,ductal_carcinoma
504,927,PANC1005,pancreas,carcinoma,ductal_carcinoma
505,928,PATU8902,pancreas,carcinoma,ductal_carcinoma
506,929,PATU8988S,pancreas,carcinoma,ductal_carcinoma
507,930,PATU8988T,pancreas,carcinoma,ductal_carcinoma
517,944,PK1,pancreas,carcinoma,
518,945,PK45H,pancreas,carcinoma,
519,946,PK59,pancreas,carcinoma,
522,952,PSN1,pancreas,carcinoma,ductal_carcinoma
523,954,QGP1,pancreas,carcinoma,
615,1093,SNU213,pancreas,carcinoma,
622,1103,SNU410,pancreas,carcinoma,
655,1138,SU8686,pancreas,carcinoma,ductal_carcinoma
661,1145,SUIT2,pancreas,carcinoma,ductal_carcinoma
676,1160,SW1990,pancreas,carcinoma,ductal_carcinoma
688,1182,TCCPAN2,pancreas,carcinoma,
739,1277,YAPC,pancreas,carcinoma,
27,41,ACCMESO1,pleura,mesothelioma,
289,480,ISTMES1,pleura,mesothelioma,
307,504,JL1,pleura,mesothelioma,
450,705,MPP89,pleura,mesothelioma,
451,706,MSTO211H,pleura,mesothelioma,
765,155285,NCIH28,pleura,mesothelioma,
818,155481,NCIH2052,pleura,mesothelioma,
835,155520,NCIH2452,pleura,mesothelioma,
4,7,22RV1,prostate,carcinoma,
137,225,DU145,prostate,carcinoma,
389,618,LNCAPCLONEFGC,prostate,carcinoma,adenocarcinoma
509,932,PC3,prostate,carcinoma,adenocarcinoma
727,1249,VCAP,prostate,carcinoma,adenocarcinoma
778,155341,NCIH660,prostate,carcinoma,small_cell_carcinoma
19,28,A253,salivary_gland,carcinoma,mucoepidermoid_carcinoma
741,1279,YD15,salivary_gland,carcinoma,mucoepidermoid_carcinoma
15,23,A101D,skin,malignant_melanoma,
18,27,A2058,skin,malignant_melanoma,
21,30,A375,skin,malignant_melanoma,
61,103,C32,skin,malignant_melanoma,
93,146,CJM,skin,malignant_melanoma,
105,166,COLO741,skin,malignant_melanoma,
106,169,COLO792,skin,malignant_melanoma,
107,170,COLO800,skin,malignant_melanoma,
108,172,COLO829,skin,malignant_melanoma,
165,263,G361,skin,malignant_melanoma,
236,377,HMCB,skin,malignant_melanoma,
243,395,HS294T,skin,malignant_melanoma,
247,410,HS688AT,skin,malignant_melanoma,
252,426,HS839T,skin,malignant_melanoma,
253,428,HS852T,skin,malignant_melanoma,
255,434,HS895T,skin,malignant_melanoma,
256,436,HS934T,skin,malignant_melanoma,
257,437,HS936T,skin,malignant_melanoma,
258,439,HS940T,skin,malignant_melanoma,
259,440,HS944T,skin,malignant_melanoma,
268,450,HT144,skin,malignant_melanoma,
281,470,IGR1,skin,malignant_melanoma,
282,471,IGR37,skin,malignant_melanoma,
283,472,IGR39,skin,malignant_melanoma,
287,478,IPC298,skin,malignant_melanoma,
314,512,K029AX,skin,malignant_melanoma,
392,623,LOXIMVI,skin,malignant_melanoma,
405,641,MALME3M,skin,malignant_melanoma,
413,655,MDAMB435S,skin,malignant_melanoma,
419,666,MELHO,skin,malignant_melanoma,
420,667,MELJUSO,skin,malignant_melanoma,
422,669,MEWO,skin,malignant_melanoma,
546,991,RPMI7951,skin,malignant_melanoma,
552,1000,RVH421,skin,malignant_melanoma,
567,1025,SH4,skin,malignant_melanoma,
579,1040,SKMEL1,skin,malignant_melanoma,
580,1041,SKMEL2,skin,malignant_melanoma,
581,1042,SKMEL24,skin,malignant_melanoma,
582,1043,SKMEL28,skin,malignant_melanoma,
583,1044,SKMEL3,skin,malignant_melanoma,
584,1045,SKMEL30,skin,malignant_melanoma,
585,1046,SKMEL31,skin,malignant_melanoma,
586,1047,SKMEL5,skin,malignant_melanoma,
720,1232,UACC257,skin,malignant_melanoma,
721,1233,UACC62,skin,malignant_melanoma,
732,1255,WM115,skin,malignant_melanoma,
733,1256,WM1799,skin,malignant_melanoma,
734,1260,WM2664,skin,malignant_melanoma,
735,1270,WM793,skin,malignant_melanoma,
736,1271,WM88,skin,malignant_melanoma,
737,1273,WM983B,skin,malignant_melanoma,
17,26,A204,soft_tissue,rhabdoid_tumor,
166,264,G401,soft_tissue,rhabdoid_tumor,
167,265,G402,soft_tissue,rhabdoid_tumor,
171,271,GCT,soft_tissue,malignant_fibrous_histiocytoma_pleomorphic_sarcoma,
248,414,HS729,soft_tissue,rhabdomyosarcoma,
264,446,HT1080,soft_tissue,fibrosarcoma,
363,578,KYM1,soft_tissue,rhabdomyosarcoma,
421,668,MESSA,soft_tissue,sarcoma,
528,961,RD,soft_tissue,rhabdomyosarcoma,embryonal
536,973,RH18,soft_tissue,rhabdomyosarcoma,alveolar
537,975,RH30,soft_tissue,rhabdomyosarcoma,alveolar
538,976,RH41,soft_tissue,rhabdomyosarcoma,alveolar
540,978,RKN,soft_tissue,leiomyosarcoma,
576,1037,SKLMS1,soft_tissue,sarcoma,
596,1063,SKUT1,soft_tissue,leiomyosarcoma,
696,1192,TE441T,soft_tissue,rhabdomyosarcoma,
699,1195,TE617T,soft_tissue,rhabdomyosarcoma,
3,4,2313287,stomach,carcinoma,adenocarcinoma
29,44,AGS,stomach,carcinoma,adenocarcinoma
142,231,ECC10,stomach,carcinoma,small_cell_adenocarcinoma
143,232,ECC12,stomach,carcinoma,small_cell_adenocarcinoma
162,259,FU97,stomach,carcinoma,diffuse_adenocarcinoma
178,285,GSS,stomach,carcinoma,adenocarcinoma
179,286,GSU,stomach,carcinoma,adenocarcinoma
231,368,HGC27,stomach,carcinoma,undifferentiated_adenocarcinoma
249,418,HS746T,stomach,carcinoma,
272,456,HUG1N,stomach,carcinoma,
285,474,IM95,stomach,carcinoma,intestinal_adenocarcinoma
322,522,KATOIII,stomach,carcinoma,adenocarcinoma
325,526,KE39,stomach,carcinoma,
386,603,LMSU,stomach,carcinoma,adenocarcinoma
433,682,MKN1,stomach,carcinoma,mixed_adenosquamous_carcinoma
434,683,MKN45,stomach,carcinoma,diffuse_adenocarcinoma
435,684,MKN7,stomach,carcinoma,tubular_adenocarcinoma
436,685,MKN74,stomach,carcinoma,tubular_adenocarcinoma
457,723,NCCSTCK140,stomach,carcinoma,
464,877,NUGC3,stomach,carcinoma,
465,878,NUGC4,stomach,carcinoma,signet_ring_adenocarcinoma
476,893,OCUM1,stomach,carcinoma,diffuse_adenocarcinoma
566,1024,SH10TC,stomach,carcinoma,
599,1075,SNU1,stomach,carcinoma,undifferentiated_adenocarcinoma
611,1089,SNU16,stomach,carcinoma,undifferentiated_adenocarcinoma
616,1094,SNU216,stomach,carcinoma,
630,1111,SNU5,stomach,carcinoma,undifferentiated_adenocarcinoma
632,1114,SNU601,stomach,carcinoma,
634,1116,SNU620,stomach,carcinoma,
636,1118,SNU668,stomach,carcinoma,signet_ring_adenocarcinoma
638,1120,SNU719,stomach,carcinoma,
764,134841,NCIN87,stomach,carcinoma,
12,20,8305C,thyroid,carcinoma,anaplastic_carcinoma
13,21,8505C,thyroid,carcinoma,anaplastic_carcinoma
39,57,BCPAP,thyroid,carcinoma,papillary_carcinoma
45,64,BHT101,thyroid,carcinoma,anaplastic_carcinoma
74,119,CAL62,thyroid,carcinoma,anaplastic_carcinoma
88,139,CGTHW1,thyroid,carcinoma,follicular_carcinoma
160,257,FTC133,thyroid,carcinoma,follicular_carcinoma
161,258,FTC238,thyroid,carcinoma,follicular_carcinoma
437,686,ML1,thyroid,carcinoma,follicular_carcinoma
678,1165,SW579,thyroid,carcinoma,anaplastic_carcinoma
708,1210,TT2609C02,thyroid,carcinoma,follicular_carcinoma
709,1212,TTTHYROID,thyroid,carcinoma,medullary_carcinoma
46,65,BHY,upper_aerodigestive_tract,carcinoma,squamous_cell_carcinoma
47,66,BICR16,upper_aerodigestive_tract,carcinoma,squamous_cell_carcinoma
48,67,BICR18,upper_aerodigestive_tract,carcinoma,squamous_cell_carcinoma
49,68,BICR22,upper_aerodigestive_tract,carcinoma,squamous_cell_carcinoma
50,69,BICR31,upper_aerodigestive_tract,carcinoma,squamous_cell_carcinoma
51,70,BICR56,upper_aerodigestive_tract,carcinoma,squamous_cell_carcinoma
52,71,BICR6,upper_aerodigestive_tract,carcinoma,squamous_cell_carcinoma
69,114,CAL27,upper_aerodigestive_tract,carcinoma,squamous_cell_carcinoma
71,116,CAL33,upper_aerodigestive_tract,carcinoma,squamous_cell_carcinoma
126,208,DETROIT562,upper_aerodigestive_tract,carcinoma,
159,255,FADU,upper_aerodigestive_tract,carcinoma,squamous_cell_carcinoma
260,441,HSC2,upper_aerodigestive_tract,carcinoma,squamous_cell_carcinoma
261,442,HSC3,upper_aerodigestive_tract,carcinoma,squamous_cell_carcinoma
262,443,HSC4,upper_aerodigestive_tract,carcinoma,squamous_cell_carcinoma
510,935,PECAPJ15,upper_aerodigestive_tract,carcinoma,squamous_cell_carcinoma
511,937,PECAPJ34CLONEC12,upper_aerodigestive_tract,carcinoma,squamous_cell_carcinoma
512,939,PECAPJ41CLONED2,upper_aerodigestive_tract,carcinoma,squamous_cell_carcinoma
513,940,PECAPJ49,upper_aerodigestive_tract,carcinoma,squamous_cell_carcinoma
556,1008,SCC25,upper_aerodigestive_tract,carcinoma,squamous_cell_carcinoma
557,1009,SCC4,upper_aerodigestive_tract,carcinoma,squamous_cell_carcinoma
558,1010,SCC9,upper_aerodigestive_tract,carcinoma,squamous_cell_carcinoma
601,1078,SNU1041,upper_aerodigestive_tract,carcinoma,
602,1079,SNU1066,upper_aerodigestive_tract,carcinoma,squamous_cell_carcinoma
603,1080,SNU1076,upper_aerodigestive_tract,carcinoma,squamous_cell_carcinoma
609,1087,SNU1214,upper_aerodigestive_tract,carcinoma,squamous_cell_carcinoma
625,1106,SNU46,upper_aerodigestive_tract,carcinoma,squamous_cell_carcinoma
647,1129,SNU899,upper_aerodigestive_tract,carcinoma,squamous_cell_carcinoma
740,1278,YD10B,upper_aerodigestive_tract,carcinoma,squamous_cell_carcinoma
742,1280,YD38,upper_aerodigestive_tract,carcinoma,squamous_cell_carcinoma
743,1281,YD8,upper_aerodigestive_tract,carcinoma,squamous_cell_carcinoma
2,3,5637,urinary_tract,carcinoma,
5,8,253J,urinary_tract,carcinoma,transitional_cell_carcinoma
6,9,253JBV,urinary_tract,carcinoma,transitional_cell_carcinoma
8,14,639V,urinary_tract,carcinoma,transitional_cell_carcinoma
9,15,647V,urinary_tract,carcinoma,transitional_cell_carcinoma
37,55,BC3C,urinary_tract,carcinoma,transitional_cell_carcinoma
43,61,BFTC905,urinary_tract,carcinoma,transitional_cell_carcinoma
70,115,CAL29,urinary_tract,carcinoma,transitional_cell_carcinoma
266,448,HT1197,urinary_tract,carcinoma,
267,449,HT1376,urinary_tract,carcinoma,transitional_cell_carcinoma
290,482,J82,urinary_tract,carcinoma,transitional_cell_carcinoma
309,506,JMSU1,urinary_tract,carcinoma,
333,537,KMBC2,urinary_tract,carcinoma,
360,575,KU1919,urinary_tract,carcinoma,transitional_cell_carcinoma
550,997,RT112,urinary_tract,carcinoma,transitional_cell_carcinoma
551,999,RT4,urinary_tract,carcinoma,transitional_cell_carcinoma
555,1006,SCABER,urinary_tract,carcinoma,transitional_cell_carcinoma
674,1158,SW1710,urinary_tract,carcinoma,transitional_cell_carcinoma
681,1172,T24,urinary_tract,carcinoma,transitional_cell_carcinoma
689,1183,TCCSUP,urinary_tract,carcinoma,transitional_cell_carcinoma
723,1236,UBLC1,urinary_tract,carcinoma,transitional_cell_carcinoma
724,1243,UMUC1,urinary_tract,carcinoma,transitional_cell_carcinoma
725,1244,UMUC3,urinary_tract,carcinoma,transitional_cell_carcinoma
728,1250,VMCUB1,urinary_tract,carcinoma,transitional_cell_carcinoma
136,223,DOV13,Other,,
151,241,EKVX,Other,,
237,381,HOP62,Other,,
238,382,HOP92,Other,,
489,909,OVCAR5,Other,,
545,990,RPMI6666,Other,,
563,1017,SF268,Other,,
565,1019,SF539,Other,,
597,1073,SNB75,Other,,
726,1245,UO31,Other,,
